{   "name": 10,
    "words":{
        "dane": 0.096131,
        "zeznania": 0.06182,
        "b.1.": 0.045781,
        "adres": 0.041796,
        "mowa": 0.040921,
        "urzad": 0.0382,
        "ustawy": 0.037519,
        "podatnika": 0.037228,
        "skladania": 0.037033,
        "miejsce": 0.036159,
        "zamieszkania": 0.036159,
        "poz.": 0.036061,
        "roku": 0.035284,
        "27-35": 0.032076,
        "malzonka": 0.031785,
        "aktualny": 0.030618,
        "polska": 0.029938,
        "pit-37": 0.028674,
        "straty)": 0.027022,
        "skarbowy": 0.026827,
        "dochodu": 0.025758,
        "identyfikacyjne": 0.024495,
        "podatkowym": 0.024106,
        "osiagnietego": 0.023134,
        "wysokosci": 0.02187,
        "kwadrat": 0.021579,
        "(poniesionej": 0.020315,
        "2021": 0.018468,
        "pesel": 0.016816,
        "zwany": 0.016427
}}