{
    "name": 18,
    "words":
    {
    "2000": 0.07917,
    "umowy": 0.076249,
    "praw": 0.057552,
    "produkt": 0.055799,
    "prres": 0.047911,
    "dnia": 0.044405,
    "zawartej": 0.044113,
    "marca": 0.041484,
    "numer": 0.039439,
    "prossg": 0.037686,
    "ustawy": 0.037394,
    "oraz": 0.036226,
    "odstapieniu": 0.036226,
    "odleglos\u00e9": 0.035349,
    "konta:": 0.033596,
    "ochronie": 0.030383,
    "art.": 0.029506,
    "podstawie": 0.029214,
    "stanie": 0.024248,
    "kwoty,": 0.021911,
    "wplacone]": 0.019573,
    "ust.": 0.018697,
    "srkodg": 0.018113,
    "nicktorych": 0.016944,
    "konsumentow": 0.016652,
    "honta": 0.016068,
    "adres": 0.016068,
    "prosze": 0.013731,
    "wysokosci": 0.013146,
    "nowy": 0.013146
}}