{
    "name": 20,
    "words":
    {
    "umowy": 0.100496,
    "adres": 0.078582,
    "jest": 0.066427,
    "wydany": 0.047081,
    "pojazd": 0.04691,
    "sprzedazy": 0.044513,
    "prres": 0.044171,
    "miasta": 0.040062,
    "dokumentu": 0.038863,
    "rodzaj": 0.032529,
    "praw": 0.030988,
    "zadne": 0.030474,
    "kupujacym": 0.028933,
    "samochodu": 0.028762,
    "marka": 0.027735,
    "kore": 0.025681,
    "jego": 0.024311,
    "wolny": 0.022599,
    "zawarta": 0.021914,
    "pojasdu": 0.021914,
    "sprredajacy": 0.021743,
    "stanowi": 0.021572,
    "model": 0.0214,
    "mowa": 0.021229,
    "nip:": 0.01986,
    "oraz": 0.018832,
    "prezydenta": 0.018661,
    "strony": 0.018319,
    "ktorego": 0.017976,
    "przedmiotem": 0.017463
}}