{
    "name": 11,
    "words":
    {
    "1994": 0.081984,
    "budow": 0.071399,
    "poz.": 0.070984,
    "budowlanego": 0.054172,
    "wniosek": 0.044832,
    "pozwolenia": 0.043171,
    "nadzoru": 0.042964,
    "powiatowy": 0.038813,
    "414)": 0.037567,
    "dnia": 0.035077,
    "inspektorat": 0.034039,
    "obicktu": 0.032171,
    "lanego": 0.031756,
    "podstawie": 0.031548,
    "prawo": 0.028643,
    "(dz.u.": 0.025944,
    "roboty": 0.025737,
    "lipea": 0.023869,
    "kubaturze": 0.023454,
    "wykonane": 0.022831,
    "calkowitej": 0.021793,
    "ustawy": 0.021171,
    "ustep": 0.021171,
    "budowlane": 0.020133,
    "zostaly": 0.020133,
    "ewid": 0.019925,
    "zabudowy": 0.019095,
    "uzytkowanie": 0.01868,
    "udzielenie": 0.01868,
    "wodociag": 0.018265
}}