{
    "name": 19,
    "words":
    {
    "wykonawey": 0.116802,
    "umowy": 0.064713,
    "dzielo": 0.050638,
    "zamas": 0.048897,
    "wobee": 0.047156,
    "wydanie": 0.039031,
    "jest": 0.03816,
    "dricla": 0.036274,
    "prey": 0.034388,
    "dniu": 0.031776,
    "termin": 0.030035,
    "wydae": 0.030035,
    "odbior": 0.029745,
    "wykonania": 0.029745,
    "strony": 0.028149,
    "tresci": 0.028003,
    "materialy": 0.026553,
    "wykona\u00e9": 0.026262,
    "powierza": 0.025682,
    "dowodem": 0.024666,
    "remont": 0.023651,
    "seria": 0.02307,
    "ktorego": 0.021764,
    "miasta": 0.021619,
    "zamawiajacego": 0.021329,
    "podstawie": 0.021039,
    "osobistym": 0.020313,
    "ustalily": 0.020313,
    "nastapi": 0.020168,
    "zamawiajacy": 0.020023
}}